Component	Version	Patch Level	Support Package	Description
SAP_BASIS	758	0002	SAPK-75802INSAPBASIS	SAP Basis Component
SAP_ABA	75I	0002	SAPK-75I02INSAPABA	Cross-Application Component
SAP_GWFND	758	0002	SAPK-75802INSAPGWFND	SAP Gateway Foundation
SAP_UI	758	0002	SAPK-75802INSAPUI	User Interface Technology
ST-PI	740	0028	SAPK-74028INSTPI	SAP Solution Tools Plug-In
SAP_BW	758	0002	SAPK-75802INSAPBW	SAP Business Warehouse
UIBAS001	758	0002	SAPK-75802INUIBAS001	UI for Basis Applications
MDG_FND	808	0002	SAPK-80802INMDGFND	S/4HANA MDG Foundation
S4FND	108	0002	SAPK-10802INS4FND	S/4HANA Foundation
S4FSFND	200	0003	SAPK-20003INS4FSFND	Financial Services Foundation on SAP S/4HANA FOUNDATION
MDG_APPL	808	0002	SAPK-80802INMDGAPPL	S/4HANA MDG Applications
S4CEXT	108	0002	SAPK-10802INS4CEXT	S/4HANA Applications EXT
S4CORE	108	0002	SAPK-10802INS4CORE	S/4HANA Core Applications 1
S4HCM	101	0011	SAPK-10111INS4HCM	Human Resources
S4HCMCAE	101	0011	SAPK-10111INS4HCMCAE	Sub component S4HCMCAE of S4HCM
S4HCMCAR	101	0011	SAPK-10111INS4HCMCAR	Sub component S4HCMCAR of S4HCM
S4HCMCAT	101	0011	SAPK-10111INS4HCMCAT	Sub component S4HCMCAT of S4HCM
S4HCMCAU	101	0011	SAPK-10111INS4HCMCAU	Sub component S4HCMCAU of S4HCM
S4HCMCBE	101	0011	SAPK-10111INS4HCMCBE	Sub component S4HCMCBE of S4HCM
S4HCMCBG	101	0011	SAPK-10111INS4HCMCBG	Sub component S4HCMCBG of S4HCM
S4HCMCBR	101	0011	SAPK-10111INS4HCMCBR	Sub component S4HCMCBR of S4HCM
S4HCMCCA	101	0011	SAPK-10111INS4HCMCCA	Sub component S4HCMCCA of S4HCM
S4HCMCCH	101	0011	SAPK-10111INS4HCMCCH	Sub component S4HCMCCH of S4HCM
S4HCMCCL	101	0011	SAPK-10111INS4HCMCCL	Sub component S4HCMCCL of S4HCM
S4HCMCCN	101	0011	SAPK-10111INS4HCMCCN	Sub component S4HCMCCN of S4HCM
S4HCMCCO	101	0011	SAPK-10111INS4HCMCCO	Sub component S4HCMCCO of S4HCM
S4HCMCCZ	101	0011	SAPK-10111INS4HCMCCZ	Sub component S4HCMCCZ of S4HCM
S4HCMCDE	101	0011	SAPK-10111INS4HCMCDE	Sub component S4HCMCDE of S4HCM
S4HCMCDK	101	0011	SAPK-10111INS4HCMCDK	Sub component S4HCMCDK of S4HCM
S4HCMCEG	101	0011	SAPK-10111INS4HCMCEG	Sub component S4HCMCEG of S4HCM
S4HCMCES	101	0011	SAPK-10111INS4HCMCES	Sub component S4HCMCES of S4HCM
S4HCMCFI	101	0011	SAPK-10111INS4HCMCFI	Sub component S4HCMCFI of S4HCM
S4HCMCFR	101	0011	SAPK-10111INS4HCMCFR	Sub component S4HCMCFR of S4HCM
S4HCMCGB	101	0011	SAPK-10111INS4HCMCGB	Sub component S4HCMCGB of S4HCM
S4HCMCGR	101	0011	SAPK-10111INS4HCMCGR	Sub component S4HCMCGR of S4HCM
S4HCMCHK	101	0011	SAPK-10111INS4HCMCHK	Sub component S4HCMCHK of S4HCM
S4HCMCHR	101	0011	SAPK-10111INS4HCMCHR	Sub component S4HCMCHR of S4HCM
S4HCMCHU	101	0011	SAPK-10111INS4HCMCHU	Sub component S4HCMCHU of S4HCM
S4HCMCID	101	0011	SAPK-10111INS4HCMCID	Sub component S4HCMCID of S4HCM
S4HCMCIE	101	0011	SAPK-10111INS4HCMCIE	Sub component S4HCMCIE of S4HCM
S4HCMCIN	101	0011	SAPK-10111INS4HCMCIN	Sub component S4HCMCIN of S4HCM
S4HCMCIT	101	0011	SAPK-10111INS4HCMCIT	Sub component S4HCMCIT of S4HCM
S4HCMCJP	101	0011	SAPK-10111INS4HCMCJP	Sub component S4HCMCJP of S4HCM
S4HCMCKR	101	0011	SAPK-10111INS4HCMCKR	Sub component S4HCMCKR of S4HCM
S4HCMCKW	101	0011	SAPK-10111INS4HCMCKW	Sub component S4HCMCKW of S4HCM
S4HCMCKZ	101	0011	SAPK-10111INS4HCMCKZ	Sub component S4HCMCKZ of S4HCM
S4HCMCMX	101	0011	SAPK-10111INS4HCMCMX	Sub component S4HCMCMX of S4HCM
S4HCMCMY	101	0011	SAPK-10111INS4HCMCMY	Sub component S4HCMCMY of S4HCM
S4HCMCNL	101	0011	SAPK-10111INS4HCMCNL	Sub component S4HCMCNL of S4HCM
S4HCMCNO	101	0011	SAPK-10111INS4HCMCNO	Sub component S4HCMCNO of S4HCM
S4HCMCNZ	101	0011	SAPK-10111INS4HCMCNZ	Sub component S4HCMCNZ of S4HCM
S4HCMCOM	101	0011	SAPK-10111INS4HCMCOM	Sub component S4HCMCOM of S4HCM
S4HCMCPH	101	0011	SAPK-10111INS4HCMCPH	Sub component S4HCMCPH of S4HCM
S4HCMCPL	101	0011	SAPK-10111INS4HCMCPL	Sub component S4HCMCPL of S4HCM
S4HCMCPT	101	0011	SAPK-10111INS4HCMCPT	Sub component S4HCMCPT of S4HCM
S4HCMCQA	101	0011	SAPK-10111INS4HCMCQA	Sub component S4HCMCQA of S4HCM
S4HCMCRO	101	0011	SAPK-10111INS4HCMCRO	Sub component S4HCMCRO of S4HCM
S4HCMCRU	101	0011	SAPK-10111INS4HCMCRU	Sub component S4HCMCRU of S4HCM
S4HCMCSA	101	0011	SAPK-10111INS4HCMCSA	Sub component S4HCMCSA of S4HCM
S4HCMCSE	101	0011	SAPK-10111INS4HCMCSE	Sub component S4HCMCSE of S4HCM
S4HCMCSG	101	0011	SAPK-10111INS4HCMCSG	Sub component S4HCMCSG of S4HCM
S4HCMCSI	101	0011	SAPK-10111INS4HCMCSI	Sub component S4HCMCSI of S4HCM
S4HCMCSK	101	0011	SAPK-10111INS4HCMCSK	Sub component S4HCMCSK of S4HCM
S4HCMCTH	101	0011	SAPK-10111INS4HCMCTH	Sub component S4HCMCTH of S4HCM
S4HCMCTR	101	0011	SAPK-10111INS4HCMCTR	Sub component S4HCMCTR of S4HCM
S4HCMCTW	101	0011	SAPK-10111INS4HCMCTW	Sub component S4HCMCTW of S4HCM
S4HCMCUA	101	0011	SAPK-10111INS4HCMCUA	Sub component S4HCMCUA of S4HCM
S4HCMCUN	101	0011	SAPK-10111INS4HCMCUN	Sub component S4HCMCUN of S4HCM
S4HCMCUS	101	0011	SAPK-10111INS4HCMCUS	Sub component S4HCMCUS of S4HCM
S4HCMCVE	101	0011	SAPK-10111INS4HCMCVE	Sub component S4HCMCVE of S4HCM
S4HCMCZA	101	0011	SAPK-10111INS4HCMCZA	Sub component S4HCMCZA of S4HCM
S4HCMGXX	101	0011	SAPK-10111INS4HCMGXX	Sub component S4HCMGXX of S4HCM
S4HCMRXX	101	0011	SAPK-10111INS4HCMRXX	Sub component S4HCMRXX of S4HCM
EA-DFPS	808	0002	SAPK-80802INEADFPS	S/4HANA DFPS
EA-PS	808	0002	SAPK-80802INEAPS	S/4HANA PS
FI-CAX	808	0002	SAPK-80802INFICAX	S/4HANA FI-CA Extended
IS-OIL	808	0002	SAPK-80802INISOIL	S/4HANA IS-OIL
IS-PRA	808	0002	SAPK-80802INISPRA	S/4HANA IS-PRA
IS-PS-CA	808	0002	SAPK-80802INISPSCA	S/4HANA IS-PS-CA
IS-UT	808	0002	SAPK-80802INISUT	S/4HANA IS-UT
S4COREOP	108	0002	SAPK-10802INS4COREOP	S/4HANA Core Applications 2
S4DEPREC	108	0002	SAPK-10802INS4DEPREC	S/4HANA Core Applications 3
GBX01HR5	605	0030	SAPK-60530INGBX01HR5	GBX01HR5 605
S4FPSL	300	0002	SAPK-30002INS4FPSL	SAP S/4HANA Financial Products Subledger
UIAPFI70	902	0002	SAPK-90202INUIAPFI70	UI SFIN
UIFPSL	200	0000	-	UI for Financial Products Subledger 200
UIHR002	100	0026	SAPK-10026INUIHR002	UI for ERP Human Capital Management 100
UIMDG001	200	0013	SAPK-20013INUIMDG001	UI for MDG
UIS4HOP1	900	0002	SAPK-90002INUIS4HOP1	UI for S/4HANA On Premise
UITRV001	300	0010	SAPK-30010INUITRV001	UI for Travel 300: Add-On Installation
EYICIFR	100_75G	0000	-	EY Insurance Industry Cloud - Intelligen
ST-A/PI	01V_731	0003	SAPKITABC6	Servicetools for SAP Basis 731 and highe
WINSHTLQ	85C	0000	-	AutomateFM 24.1
HOME	DEV	0000	-	Customer Development (Standard)
LOCAL	DEV	0000	-	System Local Development (Standard)
